|Address|Category|Name|Subcategory
0|Akçeşme Mah., Bozburun Cad., No:28, Gümüşler, Denizli, Turkey|Sanitaryware|OZER TEKSTIL SAN. VE TIC. LTD. STI.|Bath Sanitary Ware
1|Balçık Köyü, Pelitli Yolu Caddesi, 1380, Gebze, Kocaeli, Turkey|Sanitaryware|SCA YILDIZ KAGIT VE KISISEL BAKIM URUNLERI A.S.|Bath Sanitary Ware
2|Organize Sanayi Bölgesi Avrupa Hun Bulvarı No:8 06935 Sincan - Ankara, Turkey|Sanitaryware|FIRAT PLASTIK KAUCUK SAN. VE TIC. A.S.|Bath Sanitary Ware
3|Keresteciler Sanayi Sitesi, 12. Sk. No: 2-4, Başakşehir, İstanbul, Turkey|Sanitaryware|FSM FAUCET|Bath Sanitary Ware
4|Akçeşme Mah., Gümüşler Bulvarı, No: 9, Ordu İş Merkezi, K: 2 D: 7, Merkezefendi, Denizli, Turkey|Sanitaryware|ONBASIOGLU TEKSTIL SAN. VE TIC. A.S.|Bath Sanitary Ware
5|Maltepe Mah., Dokumacılar Sitesi Sk., Hacıbey İş Hanı, No: 8/2, Zeytinburnu, İstanbul, Turkey|Sanitaryware|SAY PLASTIK INSAAT SAN. TIC. LTD. STI.|Bath Sanitary Ware
6|Çobançeşme Mah., Sanayi Cad., No: 78, Yenibosna, Bahçelievler, İstanbul, Turkey|Sanitaryware|BATHROBES TOWEL SENKO|Bath Sanitary Ware
7|Esentepe Mah., Küçük San. Sit., 4. Blok, 2953 Sokak, No: 4/5, Sultangazi, İstanbul, Turkey|Sanitaryware|CETINKAYA SU ARMATURLERI PRES DOKUM SAN. VE TIC. LTD. STI.|Bath Sanitary Ware
8|Saraylar Mah., Selçuk Cad., Karakurt İş Merkezi, No:6/312, Denizli, Türkiye|Sanitaryware|LINDEN TEKSTIL MERMER GIDA NAKLIYE ITHALAT IHRACAT SAN. VE TIC. LTD. STI.|Bath Sanitary Ware
9|Hacı Eyüplü Mah., Akça Caddesi, No: 155, Denizli, Turkey|Sanitaryware|GONCA TEKSTIL SAN. VE TIC. LTD. STI.|Bath Sanitary Ware
10|Akçaburgaz Mah., 3073 Sk., No: 4/3, Esenyurt, İstanbul, Turkey|Sanitaryware|DEPPOT BANYO EKIPMANLARI SAN. TIC. A.S.|Bath Sanitary Ware
11|Sanayi Mah., Çinçin Deresi Cad., Şehit Ergin Karagöz Sk., No: 121, Güngören, İstanbul, Turkey|Sanitaryware|PARKOSAN PARFUMERI KOZMETIK MADDELERI SAN. VE DIS TIC. LTD. STI.|Bath Sanitary Ware
12|GOSB İhsan Dede Caddesi, 800. Sokak, 41480, Kocaeli, Turkey|Sanitaryware|ARTEMIS INSAAT SAN. VE INSAAT MALZEMELERI PAZARLAMA TIC. A.S.|Bath Sanitary Ware
13|Aydınlı Mah., Patlayıcı Mad. Yolu Cad., No: 3/C, Beyoğlu San. Sit., C Blok, Daire: 13-14-15-16, Aydınlı, İstanbul, Turkey|Sanitaryware|DECOSER INSAAT DEKORASYON SAN. VE TIC. LTD. STI.|Bath Sanitary Ware
14|İstiklal Mah., 345 Sok., No: 1/1, Esenyurt, İstanbul, Turkey|Sanitaryware|MARMARA HIJYEN URUNLERI SAN. VE DIS TIC. LTD. STI.|Bath Sanitary Ware
15|Seyrantepe Mah., Nato Cad., No: 3., Kat: 6/11, Kağıthane, İstanbul, Turkey|Sanitaryware|KENDI MUZIK ORGANIZASYON TEKSTIL KOZMETIK SAN. VE TIC. LTD. STI.|Bath Sanitary Ware
16|Osman Gazi Mah., Barış Manço Cad., No: 7, İstanbul, Turkey|Sanitaryware|BONI KIMYA SAN. VE TIC. LTD. STI.|Bath Sanitary Ware
17|İstanbul Tosya Karayolu 8. km, Kastamonu, Turkey|Sanitaryware|MUHENDISLER ORMAN URUNLERI MOBILYA MIMARLIK INSAAT TAAHHUT TEKSTIL SAN. VE TIC. A.S.|Bath Sanitary Ware
18|Turkey|Sanitaryware|HOTEL TOWELS, BATHROBES, SLIPPERS|Bath Sanitary Ware
19|Saraylar Mah., Kocakaya Tekstilciler Çarşısı, No: 42, Denizli, Turkey|Sanitaryware|MESUT TEKSTIL - SABRI PARALI|Bath Sanitary Ware
20|Urfa Yolu 14. km, Yenişehir, Diyarbakır, Turkey|Sanitaryware|MESUT MADENCILIK INSAAT NAKLIYE SAN. VE TIC. LTD. STI.|Bath Sanitary Ware
21|Kuştur Mevkii, Bayraklı Dede Mah., Curuise Alışveriş Merkezi, No: 1-2 Kuşadası, Aydın, Turkey|Sanitaryware|ERSOYLAR HEDIYELIK ESYA DERI KONFEKSIYON ITHALAT IHRACAT LTD. STI.|Bath Sanitary Ware
22|Hocapaşa Mah., Nöbethane Cad., Özbey İşhanı, No: 16/401, Sirkeci, Fatih, İstanbul, Turkey|Sanitaryware|OZBEY HIJYENIK URUNLERI SAN. TIC. A.S.|Bath Sanitary Ware
23|Organize Sanayi Bölgesi, Nevzat Koru Cad., No: 46, 20330, Denizli, Turkey|Sanitaryware|GENTAFI DIS TICARET LTD. STI.|Bath Sanitary Ware
24|OSB 10. Cad., No: 26, Melikgazi, Kayseri, Turkey|Sanitaryware|EGEMEN SAC DEMIR EGI. VE DAN. IC VE DIS TIC. LTD. STI.|Bath Sanitary Ware
25|"Merkez Efendi Mah., Fazılpaşa Cad., Aile Bahçesi Litrosyolu Sok., Feza İşhanı, No:3/3A, Zeytinburnu, İstanbul, Turkey
"|Sanitaryware|FEZA CELIK KAPI |Bath Sanitary Ware
26|1596 sk. No:2 Floor 9 Hitay Plaza Bayraklı İzmir Türkiye 35530|Sanitaryware|ANTE MUHENDISLIK IC VE DIS TICARET LIMITED SIRKETI |Bath Sanitary Ware
27|Mahmutbey, Saray Sok. No:14 D:7, Bağcılar, İstanbul - Avrupa|Sanitaryware|RENKSAN GROUP|Bath Sanitary Ware
28|Akçaburgaz Mah. 87.Sok. No:3 Esenyurt / İSTANBUL|Sanitaryware|GLP SU ARMATURLERI|Bath Sanitary Ware
29|İZMİR / TURKEY|Sanitaryware|ELVIN TEXTILE INP&EXPORT TEXTILE COMPANY|Bath Sanitary Ware
30|Zafer Mh., 177. SK., No: 2, Esenyurt, İstanbul, Turkey|Sanitaryware|SUNNY ELEKTRONIK|Bathroom Sanitaryware
31|Beylikdüzü Organize Sanayi Bölgesi, Mermerciler Sanayi Sitesi, Beylikdüzü, İstanbul, Turkey|Sanitaryware|TEMA YAPI MALZEMELERI SAN. VE TIC. LTD. STI.|Bathroom Sanitaryware
32|Keresteciler Sanayi Sitesi, 12. Sk. No: 2-4, Başakşehir, İstanbul, Turkey|Sanitaryware|FSM FURNITURE|Bathroom Sanitaryware
33|Keresteciler Sanayi Sitesi, 12. Sk. No: 2-4, Başakşehir, İstanbul, Turkey|Sanitaryware|FSM FAUCET|Bathroom Sanitaryware
34|İncili Pınar Mah., Nişantaşı Sok., F.H İş Merkezi, No: 11, Kat: 2, D/1, Şehitkamil, Gaziantep, Turkey|Sanitaryware|F&M SAN GIDA DIS TIC. LTD. STI.|Bathroom Sanitaryware
35|Maltepe Mah., Dokumacılar Sitesi Sk., Hacıbey İş Hanı, No: 8/2, Zeytinburnu, İstanbul, Türkiye|Sanitaryware|SAY STEEL INOX CONSTRUCTION PRODUCTS|Bathroom Sanitaryware
36|Çobançeşme Mah., Sanayi Cad., No: 78, Yenibosna, Bahçelievler, İstanbul, Turkey|Sanitaryware|BATHROBES TOWEL SENKO|Bathroom Sanitaryware
37|Zafer Mh., 177. SK., No: 2, Esenyurt, İstanbul, Turkey|Sanitaryware|ATMACA ELEKTRONIK SAN. VE TIC. A.S.|Bathroom Sanitaryware
38|Serçeönü Mah., Ahmet Paşa Cad., Uğur Plaza Kat:8 No:64, Kocasinan, Kayseri, Turkey|Sanitaryware|KAYSERI UNITED MAKINE MOBILYA ITHALAT IHRACAT IC VE DIS TICARET LTD. STI.|Bathroom Sanitaryware
39|Hacı Eyüplü Mah., Akça Caddesi, No: 155, Denizli, Turkey|Sanitaryware|GONCA TEKSTIL SAN. VE TIC. LTD. STI.|Bathroom Sanitaryware
40|İstanbul Tosya Karayolu 8. km, Kastamonu, Turkey|Sanitaryware|MUHENDISLER ORMAN URUNLERI MOBILYA MIMARLIK INSAAT TAAHHUT TEKSTIL SAN. VE TIC. A.S.|Bathroom Sanitaryware
41|M. Kemal Paşa Mah., Hilal Sk., No: 66/B, Avcılar, İstanbul, Türkiye|Sanitaryware|ASPAC AMBALAJ INS. VE DIS TIC. LTD. STI.|Bathroom Sanitaryware
42|Aydınlı Mah., Patlayıcı Mad. Yolu Cad., No: 3/C, Beyoğlu San. Sit., C Blok, Daire: 13-14-15-16, Aydınlı, İstanbul, Turkey|Sanitaryware|DECOSER INSAAT DEKORASYON SAN. VE TIC. LTD. STI.|Bathroom Sanitaryware
43|Mehmet Akif Ersoy Mahallesi, Veysel Karani Cad., 1/A Taşoluk No:25/1A, Taşoluk, Arnavutköy, İstanbul, Turkey|Sanitaryware|MAYKROMLUKS KICTHEN SINK CELIK SAN. VE TIC. LTD.|Bathroom Sanitaryware
44|Esentepe Mah., Küçük San. Sit., 4. Blok, 2953 Sokak, No: 4/5, Sultangazi, İstanbul, Turkey|Sanitaryware|CETINKAYA SU ARMATURLERI PRES DOKUM SAN. VE TIC. LTD. STI.|Bathroom Sanitaryware
45|Akçaburgaz Mah., 3073 Sk., No: 4/3, Esenyurt, İstanbul, Turkey|Sanitaryware|DEPPOT BANYO EKIPMANLARI SAN. TIC. A.S.|Bathroom Sanitaryware
46|İzmir-Ankara Yolu, No: 368/A, Kemalpaşa, İzmir, Turkey|Sanitaryware|HUSNU KALYON SIHHI TESISAT VE SULAMA GERECLERI URETIM PAZARLAMA TIC. LTD. STI.|Bathroom Sanitaryware
47|İskele Cad., No: 5, Yazıbaşı, Torbalı, İzmir, Turkey|Sanitaryware|GOKTAS MOBILYA MUTFAK SAN VE TIC. LTD. STI.|Bathroom Sanitaryware
48|Organize Sanayi Bölgesi, 21. Cad. No: 15, Melikgazi, Kayseri, Turkey|Sanitaryware|DELTA ITH. IHR. VE DANIS. LTD. STI.|Bathroom Sanitaryware
49|Altıntop Mahallesi, 834 Sokak, Çınar İşhanı, No: 74, 20100, Denizli, Turkey|Sanitaryware|TEKSTEL TELEKOMUNIKASYON TEKSTIL INSAAT TURIZM MUHENDISLIK SAN. TIC. LTD. STI.|Bathroom Sanitaryware
50|Atakent Mah., Dadaloğlu Cad., No: 14/A, Ümraniye, İstanbul, Turkey|Sanitaryware|GUVEN MUSLUK SAN. VE TIC. LTD. STI.|Bathroom Sanitaryware
51|Necip Fazıl Bulvarı Mest Sok No:1 Esenşehir - Ümraniye, İstanbul|Sanitaryware|DORUK AGAC URUNLERI IMALAT INSAAT NAKLIYE SAN. TIC. A.S.|Bathroom Sanitaryware
52|Saraylar Mah., Kocakaya Tekstilciler Çarşısı, No: 42, Denizli, Turkey|Sanitaryware|MESUT TEKSTIL - SABRI PARALI|Bathroom Sanitaryware
53|Urfa Yolu 14. km, Yenişehir, Diyarbakır, Turkey|Sanitaryware|MESUT MADENCILIK INSAAT NAKLIYE SAN. VE TIC. LTD. STI.|Bathroom Sanitaryware
54|OSB 10. Cad., No: 26, Melikgazi, Kayseri, Turkey|Sanitaryware|EGEMEN SAC DEMIR EGI. VE DAN. IC VE DIS TIC. LTD. STI.|Bathroom Sanitaryware
55|19 Mayıs Mah. Bayar Cad. Gürsoylu Sok. Gül Apt. No:45 Daire: 3 Kozyatağı - İstanbul, Turkey|Sanitaryware|ACP DANISMANLIK VE TICARET LTD. STI.|Bathroom Sanitaryware
56|Selimpaşa Merkez Mah.705 Cad.5008 Sok.No:3 Kat:1 D:5, Turkey|Sanitaryware|ARTENOVA METAL VE AHSAP UR.INS.SAN.TIC.LTD.STI.|Bathroom Sanitaryware
57|"Çakmaklı Mevkii San-1 Bulv. 4.Bölge 9.Cad. No:66
Kıraç - B.Çekmece - İstanbul - Turkey"|Sanitaryware|TERMO GLASS IND. AND TRADE CO.|Bathroom Sanitaryware
58|"50. Yıl Mah. 2151 Sok. No:25
Sultançiftliği G.O.P., Turkey"|Sanitaryware|BANYOTEKS LTD. STI.|Bathroom Sanitaryware
59|"Zümrütevler Mah. Nil Cad.
Çağlayan Sok. No:1/2 Maltepe, Turkey"|Sanitaryware|BOGAZICI TEKSTIL INS. GIDA TUR. SAN. VE TIC. LTD. STI.|Bathroom Sanitaryware
60|Balçık Köyü, Pelitli Yolu Caddesi, 1380, Gebze, Kocaeli, Turkey|Sanitaryware|SCA YILDIZ KAGIT VE KISISEL BAKIM URUNLERI A.S.|Black Sanitary Ware
61|Organize Sanayi Bölgesi Avrupa Hun Bulvarı No:8 06935 Sincan - Ankara, Turkey|Sanitaryware|FIRAT PLASTIK KAUCUK SAN. VE TIC. A.S.|Black Sanitary Ware
62|4. Organize San. Böl., 83414 No'lu Cad., No: 23, Gaziantep, Turkey|Sanitaryware|RIVA KECECI HALI TEKSTIL SAN. VE TIC. LTD. STI.|Black Sanitary Ware
63|Dibecik Mevkii, Akyol Köyü, Milas, Muğla, Turkey|Sanitaryware|GUMUSDOGA SU URUNLERI URETIMI IHRACAT VE ITHALAT A.S.|Black Sanitary Ware
64|Keresteciler Sanayi Sitesi, 12. Sk. No: 2-4, Başakşehir, İstanbul, Turkey|Sanitaryware|FSM FAUCET|Black Sanitary Ware
65|Mustafa Paşa Mah., 713 Sok., No: 15, Gebze, Kocaeli, Turkey|Sanitaryware|BEYAZLAR GIDA TEKSTIL KUYUMCULUK DAYANIKLI TUKETIM MALLARI SAN. TIC. LTD. STI.|Black Sanitary Ware
66|GOSB İhsan Dede Caddesi, 800. Sokak, 41480, Kocaeli, Turkey|Sanitaryware|ARTEMIS INSAAT SAN. VE INSAAT MALZEMELERI PAZARLAMA TIC. A.S.|Black Sanitary Ware
67|Cumhuriyet Mah., Yalıntaş Cad., No: 13, Tatkavaklı Mustafa Kemal Paşa, Bursa, Turkey|Sanitaryware|HOSGOR PLASTIK AMBALAJ SAN. VE TIC. LTD. STI.|Black Sanitary Ware
68|İzmir-Ankara Yolu, No: 368/A, Kemalpaşa, İzmir, Turkey|Sanitaryware|HUSNU KALYON SIHHI TESISAT VE SULAMA GERECLERI URETIM PAZARLAMA TIC. LTD. STI.|Black Sanitary Ware
69|Kavaklı Mah., Kuzey Cad., No: 5, Beylikdüzü, İstanbul, Turkey|Sanitaryware|AKSU VITAL DOGAL URUNLER GIDA SAN. VE TIC. LTD. A.S.|Black Sanitary Ware
70|Araba Konağı Mevkii, Yayla Mah., Konak Cad., No: 15/B, Habibiler,Sultangazi, İstanbul, Turkey|Sanitaryware|AKYAZI OKUL BURO MALZEMELERI SAN. VE TIC. LTD. STI.|Black Sanitary Ware
71|İstiklal Mah., 345 Sok., No: 1/1, Esenyurt, İstanbul, Turkey|Sanitaryware|MARMARA HIJYEN URUNLERI SAN. VE DIS TIC. LTD. STI.|Black Sanitary Ware
72|Cebrail Mah., Atatürk  Cad., 99. Avukatlık, Antakya, Hatay, Türkiye|Sanitaryware|CTRL MEDYA EGITIM REKLAM DANISMANLIK VE PAZARLAMA TIC. LTD. STI.|Black Sanitary Ware
73|Umur Bey Sanayi Sit. Böl., Gemlik Cad., No: 31, Bursa, Turkey|Sanitaryware|GUNGOR GIDA SAN. VE TIC. LTD. STI.|Black Sanitary Ware
74|Akçaburgaz Mah., 3073 Sk., No: 4/3, Esenyurt, İstanbul, Turkey|Sanitaryware|DEPPOT BANYO EKIPMANLARI SAN. TIC. A.S.|Black Sanitary Ware
75|Osman Gazi Mah., Barış Manço Cad., No: 7, İstanbul, Turkey|Sanitaryware|BONI KIMYA SAN. VE TIC. LTD. STI.|Black Sanitary Ware
76|Hocapaşa Mah., Nöbethane Cad., Özbey İşhanı, No: 16/401, Sirkeci, Fatih, İstanbul, Turkey|Sanitaryware|OZBEY HIJYENIK URUNLERI SAN. TIC. A.S.|Black Sanitary Ware
77|Muğla Karayolu Üzeri, Turgut Özal Bulvarı, No: 124, Tavas, Denizli, Turkey|Sanitaryware|NUTOVA GIDA SAN. TIC. LTD. STI.|Black Sanitary Ware
78|Sanayi Mah., Isıso Sanayi Sitesi, M/Blok No: 8, Esenyurt, İstanbul, Turkey|Sanitaryware|ANKA KIMYA KOZMETIK REKLAM URETIM PAZ. OTO KUAFOR HIZ. ITHALAT IHRACAT SAN. TIC.|Black Sanitary Ware
79|Organize Sanayi Bolgesi, 10. Sokak, No: 6, Kemalpasa, Izmir, Turkey|Sanitaryware|INOKSTEK|Black Sanitary Ware
80|Kartaltepe Mah., Incirli Cad., No: 24/2, Istanbul, Turkey|Sanitaryware|ZAGRA DIS TIC. LTD. STI.|Black Sanitary Ware
81|Adnan Menderes Cd., No: 4, Antakya, Merkez, Hatay, Turkey|Sanitaryware|ZEKI AMBALAJ|Black Sanitary Ware
82|Antalya yolu uzeri 6 ncı km Sav Kasabası Isparta, Turkey |Sanitaryware|METAMAR MARBLE GRANIT|Black Sanitary Ware
83|DES SAN. SİT., C10 BLOK, 114. SK, NO: 29, Y.DUDULLU, ÜMRANİYE, İSTANBUL, TURKEY|Sanitaryware|EFELER KAUCUK KIMYEVI MAD. SAN.TIC.LTD.STI|Black Sanitary Ware
84|Adakent Serena A2 No:18 Beyliduzu Istanbul|Sanitaryware|YUSE MARBLE IMPORT & EXPORT|Black Sanitary Ware
85|Mahmutbey, Saray Sok. No:14 D:7, Bağcılar, İstanbul - Avrupa|Sanitaryware|RENKSAN GROUP|Black Sanitary Ware
86|1596 sk. No:2 Floor 9 Hitay Plaza Bayraklı İzmir Türkiye 35530|Sanitaryware|ANTE MUHENDISLIK IC VE DIS TICARET LIMITED SIRKETI |Black Sanitary Ware
87|Akçaburgaz Mah. 87.Sok. No:3 Esenyurt / İSTANBUL|Sanitaryware|GLP SU ARMATURLERI|Black Sanitary Ware
88|Atatürk Bulvarı Akhan Mahallesi  No:113 Tugsan Petrol Arkası  Akkale / Denizli|Sanitaryware|MIRMER NATURAL STONE|Black Sanitary Ware
89|Esenşehir Mah. Necip Fazıl Bulvarı Songül Sokak No:2 Ümraniye İstanbul|Sanitaryware|DELTA YAPI MARBLE LTD|Black Sanitary Ware
90|Keresteciler Sanayi Sitesi, 12. Sk. No: 2-4, Başakşehir, İstanbul, Turkey|Sanitaryware|FSM FAUCET|Ceramic Sanitaryware
91|Maltepe Mah., Dokumacılar Sitesi Sk., Hacıbey İş Hanı, No: 8/2, Zeytinburnu, İstanbul, Turkey|Sanitaryware|SAY PLASTIK INSAAT SAN. TIC. LTD. STI.|Ceramic Sanitaryware
92|Maltepe Mah., Dokumacılar Sitesi Sk., Hacıbey İş Hanı, No: 8/2, Zeytinburnu, İstanbul, Türkiye|Sanitaryware|SAY STEEL INOX CONSTRUCTION PRODUCTS|Ceramic Sanitaryware
93|Serçeönü Mah., Ahmet Paşa Cad., Uğur Plaza Kat:8 No:64, Kocasinan, Kayseri, Turkey|Sanitaryware|KAYSERI UNITED MAKINE MOBILYA ITHALAT IHRACAT IC VE DIS TICARET LTD. STI.|Ceramic Sanitaryware
94|Ata San. Karşısı, Hıdırlık Mevki 51100, Niğde, Turkey|Sanitaryware|MICRONIZED CALCITE |Ceramic Sanitaryware
95|Mehmet Akif Ersoy Mahallesi, Veysel Karani Cad., 1/A Taşoluk No:25/1A, Taşoluk, Arnavutköy, İstanbul, Turkey|Sanitaryware|MAYKROMLUKS KICTHEN SINK CELIK SAN. VE TIC. LTD.|Ceramic Sanitaryware
96|Elazığ Karayolu Organize Sanayi Bölgesi, 17. Cadde, No:8, Diyarbakır, Turkey|Sanitaryware|KARAVIL DIS TICARET A.S |Ceramic Sanitaryware
97|Esentepe Mah., Küçük San. Sit., 4. Blok, 2953 Sokak, No: 4/5, Sultangazi, İstanbul, Turkey|Sanitaryware|CETINKAYA SU ARMATURLERI PRES DOKUM SAN. VE TIC. LTD. STI.|Ceramic Sanitaryware
98|Hakkı İleri Cad., Ömerli Mah., No: 74, Hadımköy, Arnavutköy, İstanbul, Turkey|Sanitaryware|NALBANTOGLU METAL SAN. TIC. LTD. STI.|Ceramic Sanitaryware
99|Atakent Mah., Dadaloğlu Cad., No: 14/A, Ümraniye, İstanbul, Turkey|Sanitaryware|GUVEN MUSLUK SAN. VE TIC. LTD. STI.|Ceramic Sanitaryware
100|Kuştur Mevkii, Bayraklı Dede Mah., Curuise Alışveriş Merkezi, No: 1-2 Kuşadası, Aydın, Turkey|Sanitaryware|ERSOYLAR HEDIYELIK ESYA DERI KONFEKSIYON ITHALAT IHRACAT LTD. STI.|Ceramic Sanitaryware
101|Çimento Bulvarı, Adana Cumhuriyet Mah., No: 13, Yüreğir, Adana, Turkey|Sanitaryware|NUR KIREC SAN. TIC. VE PAZ. LTD. STI.|Ceramic Sanitaryware
102|İzmir-Ankara Yolu, No: 368/A, Kemalpaşa, İzmir, Turkey|Sanitaryware|HUSNU KALYON SIHHI TESISAT VE SULAMA GERECLERI URETIM PAZARLAMA TIC. LTD. STI.|Ceramic Sanitaryware
103|Demirtaş Mah., 77093 Sk., No: 1/A, Toroslar, Mersin, Turkey|Sanitaryware|IZOYAPI YALITIM AMBALAJ INSAAT SAN. VE TIC. A.S.|Ceramic Sanitaryware
104|Halaskargazi Cad. Alp Palas Apt. No: 25/16 Harbiye - İstanbul, Turkey|Sanitaryware|UTT ULUSLARARASI TEMSILCILIK INSAAT VE TIC. LTD. STI.|Ceramic Sanitaryware
105|OSB 10. Cad., No: 26, Melikgazi, Kayseri, Turkey|Sanitaryware|EGEMEN SAC DEMIR EGI. VE DAN. IC VE DIS TIC. LTD. STI.|Ceramic Sanitaryware
106|Hadımköy Mah. Alpaslan Sok. No:3 Arnavutköy - İstanbul, Turkey|Sanitaryware|TURKAL ALUMINYUM SAN. VE DIS TIC. LTD. STI.|Ceramic Sanitaryware
107|Organize Sanayi 2.Kısım 24. Cd. No: 18 - Antalya, Turkey|Sanitaryware|GLOBAL DEPO DEKORASYON URUNLERI MIMARLIK MUH. SAN. ITH. IHR. TIC. LTD. STI.|Ceramic Sanitaryware
108|Anafartalar Cad. Mazı Sok. No: 5/A Saman Pazarı - Ankara, Turkey|Sanitaryware|ERCIYES DIS TICARET|Ceramic Sanitaryware
109|Izmir, Turkey|Sanitaryware|ADABORDUR SERAMIK|Ceramic Sanitaryware
110|Haracci Merkez Mahallesi Eski Edirne Asfaltı 2011/6 Sokak No:4, Turkey|Sanitaryware|TASHAN NONSTICK KITCHENWARE|Ceramic Sanitaryware
111|"Tasocagi Caddesi No:3 Agaoglu Myoffıce 212 Kat:10/157 
Bagcilar, Istanbul / TURKEY"|Sanitaryware|ALTER CONSTRUCTION INVESTMENT MINIG &TRADING LTD.|Ceramic Sanitaryware
112|Şemsitap Sokak, Tırnakçı Han, No:5/15, Altıyol, Kadıköy, Istanbul, Turkey|Sanitaryware|LITHOSERA DIS TIARET LTD. STI.|Ceramic Sanitaryware
113|İzmir Aydin Asfaltı Üzeri No:36 Torbalı, İzmir, Turkey|Sanitaryware|YILDEMIR EXPORT|Ceramic Sanitaryware
114|Yeni Mah. Cebeci Cad. 542. Sk. No: 6 - Küçükköy, İstanbul, Turkey |Sanitaryware|FILDISI SU ARMATURLERI|Ceramic Sanitaryware
115|Gencosman Mah. Koray Sok.No:9 Gungoren, Istanbul, Turkey|Sanitaryware|ATR ARMATUR SAN. IC VE DIS TIC. LTD. STI. |Ceramic Sanitaryware
116|Davutpaşa Caddesi Cebealibey Sokak No:20 Topkapı Zeytinburnu/ İstanbul Turkey|Sanitaryware|BETEBE MOSAIC CERAMIC CO.|Ceramic Sanitaryware
117|"Yeşilce Mah.Değirmen Sok. No.29/2 Kağıthane, İstanbul
, Turkey"|Sanitaryware|ATALAY SERAMIK PORSELEN PROMOSYON URUNLERI SANAYI VE TICARET LIMITED SIRKETI |Ceramic Sanitaryware
118|Kütahya Eskişehir Yolu 8.Km - Kütahya, Turkey|Sanitaryware|ALTIN CINI VE SERAMIK SAN. A.S.|Ceramic Sanitaryware
119|Yücebağ Mah. 834 Sok. Aydınlar İş Merkezi No: 15 K: 2 Daire: 203 - Denizli, Turkey|Sanitaryware|ARMONI MERMER MADENICILIK TEKSTIL SAN. VE TIC. LTD. STI.|Ceramic Sanitaryware
120|Balçık Köyü, Pelitli Yolu Caddesi, 1380, Gebze, Kocaeli, Turkey|Sanitaryware|SCA YILDIZ KAGIT VE KISISEL BAKIM URUNLERI A.S.|Classic Sanitary Ware
121|Organize Sanayi Bölgesi Avrupa Hun Bulvarı No:8 06935 Sincan - Ankara, Turkey|Sanitaryware|FIRAT PLASTIK KAUCUK SAN. VE TIC. A.S.|Classic Sanitary Ware
122|Keresteciler Sanayi Sitesi, 12. Sk. No: 2-4, Başakşehir, İstanbul, Turkey|Sanitaryware|FSM FAUCET|Classic Sanitary Ware
123|Gaziosmanpaşa Bulvarı, Kızılırmak İş Merkezi, No: 58/503, Çankaya, İzmir, Turkey|Sanitaryware|MAYYANA TEKSTIL SAN. TIC. LTD. STI.|Classic Sanitary Ware
124|Üçgen Mahallesi  Güllük Caddesi, Savaş Apt. No:82, Muratpaşa, Antalya, Turkey|Sanitaryware|TURKISH TRADE CONSULTANT AND ANALYSIS COMPANY|Classic Sanitary Ware
125|Akçaburgaz Mah., 3073 Sk., No: 4/3, Esenyurt, İstanbul, Turkey|Sanitaryware|DEPPOT BANYO EKIPMANLARI SAN. TIC. A.S.|Classic Sanitary Ware
126|Organize Sanayi Bölgesi, 21. Cad. No: 15, Melikgazi, Kayseri, Turkey|Sanitaryware|DELTA ITH. IHR. VE DANIS. LTD. STI.|Classic Sanitary Ware
127|İstiklal Mah., 345 Sok., No: 1/1, Esenyurt, İstanbul, Turkey|Sanitaryware|MARMARA HIJYEN URUNLERI SAN. VE DIS TIC. LTD. STI.|Classic Sanitary Ware
128|Hüseyin Örnek Cad., No: 12, Organize Sanayi Bölgesi, Denizli, Turkey|Sanitaryware|CALISKAN ISI CIHAZLARI SAN. VE TIC. LTD. STI.|Classic Sanitary Ware
129|Osman Gazi Mah., Barış Manço Cad., No: 7, İstanbul, Turkey|Sanitaryware|BONI KIMYA SAN. VE TIC. LTD. STI.|Classic Sanitary Ware
130|Hocapaşa Mah., Nöbethane Cad., Özbey İşhanı, No: 16/401, Sirkeci, Fatih, İstanbul, Turkey|Sanitaryware|OZBEY HIJYENIK URUNLERI SAN. TIC. A.S.|Classic Sanitary Ware
131|Organize San. Böl., 10. Cad. No: 27, Kayseri, Turkey|Sanitaryware|ONER CELIK KAPI SAN. VE TIC. LTD. STI.|Classic Sanitary Ware
132|Kapucabaşı Mah., Atatürk Bulvarı, Işıksaçan Plaza, No: 98, Kat: 3-4, Pk. 13, Merkez, Nevşehir, Turkey|Sanitaryware|DOGA TOHUMCULUK GIDA SAN. VE TIC. A.S.|Classic Sanitary Ware
133|GOSB İhsan Dede Caddesi, 800. Sokak, 41480, Kocaeli, Turkey|Sanitaryware|ARTEMIS INSAAT SAN. VE INSAAT MALZEMELERI PAZARLAMA TIC. A.S.|Classic Sanitary Ware
134|Organize Sanayi Bölgesi, 4 Cad No: 2, Melikgazi, Kayseri, Turkey|Sanitaryware|ADISEL MADENI ESYA SAN. TIC. LTD. STI.|Classic Sanitary Ware
135|Org. San. Böl., Cad: 21, No: 23, Melikgazi, Kayseri, Turkey|Sanitaryware|KUZEY CELIK KAPI|Classic Sanitary Ware
136|Nişantaş Mah., Sefo İş Merkezi, 28/401, Konya, Turkey|Sanitaryware|MARKAMAR MADENCILIK MUHENDISLIK LTD. STI. |Classic Sanitary Ware
137|"Merkez Efendi Mah., Fazılpaşa Cad., Aile Bahçesi Litrosyolu Sok., Feza İşhanı, No:3/3A, Zeytinburnu, İstanbul, Turkey
"|Sanitaryware|FEZA CELIK KAPI |Classic Sanitary Ware
138|1596 sk. No:2 Floor 9 Hitay Plaza Bayraklı İzmir Türkiye 35530|Sanitaryware|ANTE MUHENDISLIK IC VE DIS TICARET LIMITED SIRKETI |Classic Sanitary Ware
139|"demirhendek st. 
Altındağ"|Sanitaryware|ALI GULER FURNITURE|Classic Sanitary Ware
140|mahmudiye mahallesi 8.sk no:12 inegöl|Sanitaryware|ODASER KOLTUK|Classic Sanitary Ware
141|Akçaburgaz Mah. 87.Sok. No:3 Esenyurt / İSTANBUL|Sanitaryware|GLP SU ARMATURLERI|Classic Sanitary Ware
142|Atatürk Bulvarı Akhan Mahallesi  No:113 Tugsan Petrol Arkası  Akkale / Denizli|Sanitaryware|MIRMER NATURAL STONE|Classic Sanitary Ware
143|Gumuspala Mah.Demiroren Sok No 2 34320 ( E5 Yanyol Uzeri)|Sanitaryware|LENSEZ FURNITURE|Classic Sanitary Ware
144|Erkenez Mah. Terziler ve Konfeksiyoncular Sitesi Mustafa Yılmaz Cad. 31/A Kahramanmaraş, Turkey |Sanitaryware|TEFSAN MUTFAK |Classic Sanitary Ware
145|gümüscay mah. fabrikalar cad.no:89/a GUMUSLER/DENIZLI TURKEY|Sanitaryware|MEPA HOME TEKSTIL|Classic Sanitary Ware
146|SARAYLAR MAHALLESI MARMARA ADASI/TURKEY|Sanitaryware|YILDIZ MERMER|Classic Sanitary Ware
147|Battal Gazi Mah. -Sark Cad. Aytop Gıda Sanayi Sitesi H Blok No:13 Sultanbeyli - Istanbul - TURKEY|Sanitaryware|GLASSLAND CAM SA. TIC. LTD. STI|Classic Sanitary Ware
148|Fevzi çakmak mah. zirve cd. 10721 sk. no:15 Karatay, Konya, Turkey |Sanitaryware|OZBAGCI AYAKKABI DERI SAN. TIC. LTD. STI. |Classic Sanitary Ware
149|pk.248 MARMARIS TURKEY |Sanitaryware|SWORDSON LTD|Classic Sanitary Ware
150|Keresteciler Sanayi Sitesi, 12. Sk. No: 2-4, Başakşehir, İstanbul, Turkey|Sanitaryware|FSM FAUCET|Classica Sanitaryware
151|Esentepe Mah., Küçük San. Sit., 4. Blok, 2953 Sokak, No: 4/5, Sultangazi, İstanbul, Turkey|Sanitaryware|CETINKAYA SU ARMATURLERI PRES DOKUM SAN. VE TIC. LTD. STI.|Classica Sanitaryware
152|Mehmet Akif Ersoy Mahallesi, Veysel Karani Cad., 1/A Taşoluk No:25/1A, Taşoluk, Arnavutköy, İstanbul, Turkey|Sanitaryware|MAYKROMLUKS KICTHEN SINK CELIK SAN. VE TIC. LTD.|Classica Sanitaryware
153|İzmir-Ankara Yolu, No: 368/A, Kemalpaşa, İzmir, Turkey|Sanitaryware|HUSNU KALYON SIHHI TESISAT VE SULAMA GERECLERI URETIM PAZARLAMA TIC. LTD. STI.|Classica Sanitaryware
154|Atakent Mah., Dadaloğlu Cad., No: 14/A, Ümraniye, İstanbul, Turkey|Sanitaryware|GUVEN MUSLUK SAN. VE TIC. LTD. STI.|Classica Sanitaryware
155|Büyükdere Cad. Kaleseramik Binası Levent 34330 İstanbul, Turkey|Sanitaryware|KALEVIT ROCA SANITER SERAMIK SAN.|Classica Sanitaryware
156|Organize Sanayi Bolgesi, 9. Cadde Eskişehir, Turkey|Sanitaryware|TACPLAST PLASTIK SANAYI VE TICARET A. S. |Classica Sanitaryware
157|Organize Sanayi Bölgesi 9. Cadde No: 48 Eskişehir / Turkey|Sanitaryware|ESVIT|Classica Sanitaryware
158|Osb 7.Cad No:44 Eskişehir/Turkey|Sanitaryware|KOCSAN POLISAJ KAPLAMA-INSAAT TAAHHUT SANAYI VE TICARET LIMITED SIRKETI|Classica Sanitaryware
159|Murat Paşa Mah. Ata Cad. Tel Sk. No:2/2 Bayrampaşa - İstanbul, Turkey|Sanitaryware|TOPSAN MUSLUK SAN. VE TIC. LTD. STI.|Classica Sanitaryware
160|Merkez Mah.217. sok No:1 Gumusova|Sanitaryware|CISA FAUCET COMPANY|Classica Sanitaryware
161|Yeniyol Sok. Etap İş Merkezi. A Blok No:16/11 Kat:5 34722 Hasanpaşa-Kadıköy - İstanbul, Turkey|Sanitaryware|MOREN ENDUSTRIYEL HAMMADDELER TIC. LTD. STI.|Classica Sanitaryware
162|Abdi İpekçi Cad. No:87 Kat:2/151 Yenidogan Bayrampaşa , Turkey|Sanitaryware|OTTO METAL INDUSTRY AND FOREIGN TRADE LTD.|Classica Sanitaryware
163|İnönü Mh. Kayışdağı Cd. No:200 Özduman İş Mrk. Kat:1/2 Ataşehir-İstanbul, Turkey|Sanitaryware|PAMIR STAR LOGISTICS OTOMOTIV ITHALAT IHRACAT LIMITED SIRKETI ORTAKLAR KURULU ENERGY - SANITARYWARE PRODUCTS|Classica Sanitaryware
164|Atakent Mah. Reşitpaşa Cad. No:14 Ümraniye-İstanbul, Turkey|Sanitaryware|RITIM YAPI INSAAT VE DIS TIC. LTD. STI.|Classica Sanitaryware
165|Yeni Mah. Cebeci Cad. 542. Sk. No: 6 - Küçükköy, İstanbul, Turkey |Sanitaryware|FILDISI SU ARMATURLERI|Classica Sanitaryware
166|Gencosman Mah. Koray Sok.No:9 Gungoren, Istanbul, Turkey|Sanitaryware|ATR ARMATUR SAN. IC VE DIS TIC. LTD. STI. |Classica Sanitaryware
167|Muratpaşa Mah. Ata Cad. No: 113 Bodrumkat B.Paşa - İstanbul, Turkey|Sanitaryware|UGURSAN MAKINA KALIP SAN. CNC TAKIM TEZG. LTD.STI.|Classica Sanitaryware
168|"1370 Sokak No:42/603 Yalay Is Merkezi
35230-Montro-Izmir/Turkey"|Sanitaryware|EKASER YAPI MALZEMEMELERI IC VE DIS TIC LTD.STI.|Classica Sanitaryware
169|Y. Dudullu Atatürk Cad. Seren Sk. No:4/4A Ümraniye - İstanbul, Turkey|Sanitaryware|DEKOR BANYO AKSESUARLARI INSAAT TAAHHUT TURIZM SAN. TIC. LTD. STI.|Classica Sanitaryware
170|44. Sokak No:1, Turkey|Sanitaryware|CENGIZ MAKINA IS VE SANAYI MAKINALARI YEDEK PARCA VE DISLI IMALATI |Classica Sanitaryware
171|44. Sokak No:1, Turkey|Sanitaryware|CENGIZ MAKINA IS VE SANAYI MAKINALARI YEDEK PARCA VE DISLI IMALATI |Classica Sanitaryware
172|E-5 Kenarı İnönü Cad. No: 1Yenisahra Kadıköy İstanbul, Turkey|Sanitaryware|CANAKCILAR SERAMIK A.S.|Classica Sanitaryware
173|Minareci Mah. Turizm Cad. Eras İş Merkezi No: 230 - Aksaray, Turkey|Sanitaryware|ABINA PIPE SYSTEMS|Classica Sanitaryware
174|Fatih Sultan Cad., Kuzey Sok., No: 8/A, Okmeydani, Istanbul, Turkey|Sanitaryware|KLASVAN SU ARMATURLERI SAN. TIC. LTD. STI.|Classica Sanitaryware
175|Beykent Yavuz Sultan Selim Bulvarı, Gürpınar Yolu, Keleş Plaza No:11 K:7 D:133/134 Büyükçekmece - İstanbul, Turkey|Sanitaryware|OZELIS PLASTIK INSAAT NAKLIYE SAN. DIS TICARET LTD. STI.|Classica Sanitaryware
176|Atatürk Bulvarı 5 Km 43100 Kütahya, Turkey|Sanitaryware|GURAL PORSELEN TURIZM VITRIFIYE SAN. A.S.|Classica Sanitaryware
177|Büyükdere Cad. Kaleseramik Binasılevent 34330 İstanbul, Turkey|Sanitaryware|KALE EKSPORT DIS TIC.A .S.|Classica Sanitaryware
178|Organize Sanayi Bölgesi Muhsin Tercan Cad.No.52 Ordu, Turkey|Sanitaryware|TURAN SERAMIK SAN.VE TIC. AS. (TURAVIT)|Classica Sanitaryware
179|İtob Org. San. Bölgesi Tekeli Bedeli - İzmir, Turkey|Sanitaryware|BILGE SU BASINC KONTROL VANALARI SAN. TIC. LTD. STI.|Classica Sanitaryware
180|Balçık Köyü, Pelitli Yolu Caddesi, 1380, Gebze, Kocaeli, Turkey|Sanitaryware|SCA YILDIZ KAGIT VE KISISEL BAKIM URUNLERI A.S.|Coloured Sanitary Ware
181|Organize Sanayi Bölgesi Avrupa Hun Bulvarı No:8 06935 Sincan - Ankara, Turkey|Sanitaryware|FIRAT PLASTIK KAUCUK SAN. VE TIC. A.S.|Coloured Sanitary Ware
182|Keresteciler Sanayi Sitesi, 12. Sk. No: 2-4, Başakşehir, İstanbul, Turkey|Sanitaryware|FSM FAUCET|Coloured Sanitary Ware
183|İstiklal Mah., 345 Sok., No: 1/1, Esenyurt, İstanbul, Turkey|Sanitaryware|MARMARA HIJYEN URUNLERI SAN. VE DIS TIC. LTD. STI.|Coloured Sanitary Ware
184|Akçaburgaz Mah., 3073 Sk., No: 4/3, Esenyurt, İstanbul, Turkey|Sanitaryware|DEPPOT BANYO EKIPMANLARI SAN. TIC. A.S.|Coloured Sanitary Ware
185|Hocapaşa Mah., Nöbethane Cad., Özbey İşhanı, No: 16/401, Sirkeci, Fatih, İstanbul, Turkey|Sanitaryware|OZBEY HIJYENIK URUNLERI SAN. TIC. A.S.|Coloured Sanitary Ware
186|Osman Gazi Mah., Barış Manço Cad., No: 7, İstanbul, Turkey|Sanitaryware|BONI KIMYA SAN. VE TIC. LTD. STI.|Coloured Sanitary Ware
187|GOSB İhsan Dede Caddesi, 800. Sokak, 41480, Kocaeli, Turkey|Sanitaryware|ARTEMIS INSAAT SAN. VE INSAAT MALZEMELERI PAZARLAMA TIC. A.S.|Coloured Sanitary Ware
188|Mahmutbey, Saray Sok. No:14 D:7, Bağcılar, İstanbul - Avrupa|Sanitaryware|RENKSAN GROUP|Coloured Sanitary Ware
189|1596 sk. No:2 Floor 9 Hitay Plaza Bayraklı İzmir Türkiye 35530|Sanitaryware|ANTE MUHENDISLIK IC VE DIS TICARET LIMITED SIRKETI |Coloured Sanitary Ware
190|Oruç Reis Mah. Batı Çevre Yolu No:128 Onikişubat, Kahramanmaraş, Turkey |Sanitaryware|UNOTEKS MENSUCAT SAN. VE TIC. LTD. STI. |Coloured Sanitary Ware
191|Akçaburgaz Mah. 87.Sok. No:3 Esenyurt / İSTANBUL|Sanitaryware|GLP SU ARMATURLERI|Coloured Sanitary Ware
192|Altıntepe Mah., İstasyon Yolu Sok., No: 3, Maltepe, İstanbul, Turkey|Sanitaryware|ALPEREN CAVDAR MAKO DIS TICARET|Coloured Sanitary Ware
193|İos Agac Isleri Sit. 30. Cad. No:46 Ostim Yenimahalle Ankara, Turkey|Sanitaryware|ERK KOZMETIK A.S.|Coloured Sanitary Ware
194|Abdi Ipekçi Caddesi, Emintaş 1 Sanayi Sitesi 74 / 251 Bayrampaşa, Istanbul / Turkey|Sanitaryware|ENCHEDOR|Coloured Sanitary Ware
195|"Adres : İlkadım Sanayi Sitesi 54 Sokak No:9 

Kutlukent / Samsun 
, Turkey"|Sanitaryware|3N KIMYA KOZMETIK SAN VE TIC LTD|Coloured Sanitary Ware
196|Bakır Ve Pirinç San.Sitesi Mustafa Kurdoglu Cad. No:3 Kat:2 Beylıkduzu, Turkey|Sanitaryware|AKER ELEKTRIKLI EV ALETLERI SANAYI VE TICARET LTD.STI.|Coloured Sanitary Ware
197|Ataşehir / İstanbul / Turkey|Sanitaryware|ALBAYRAKLAR LTD.STI.|Coloured Sanitary Ware
198|Turkey|Sanitaryware|ALMARIS TIC.TUR.LTD.STI.|Coloured Sanitary Ware
199|Akdeniz San.Sitesi 5005.Sk No 75, Turkey|Sanitaryware|ANTDEKOR-DOKUM|Coloured Sanitary Ware
200|Posta Cad. Emek Han No:109/5 İstanbul, Turkey|Sanitaryware|BAKIMAY BANYO AKSESUARLARI SAN.VE TIC.A.S.|Coloured Sanitary Ware
201|Turkey|Sanitaryware|AYKANLAR|Coloured Sanitary Ware
202|Giyimkent D4 B27 No:3 Esenler, Turkey|Sanitaryware|BIN GROUP|Coloured Sanitary Ware
203|29 Ekim Cd., No:15, Yenibosna/İstanbul, Turkey|Sanitaryware|ELHADEFLER KAGITCILIK SANAYI VE TICARET A.S. & EDAL PAZARLAMA VE TICARET A.S.|Coloured Sanitary Ware
204|GEBZE KOCAELİ|Sanitaryware|NOBLE ILAC|Coloured Sanitary Ware
205|29 Ekim Cd., No:15, Yenibosna/İstanbul, Turkey|Sanitaryware|ELHADEFLER KAGITCILIK SANAYI VE TICARET A.S. & EDAL PAZARLAMA VE TICARET A.S.|Coloured Sanitary Ware
206|Alayköşkü Cad. Zeynep Sultan Camii Sokak 3/2 Cağaloğlu 34410 İstanbul, Turkey|Sanitaryware|ZUMRUT BASIM YAYIN PAZARLAMA LTD. STI.|Coloured Sanitary Ware
207|Organize Sanayi Bölgesi Atatürk Cad.No.1445030 Manisa, Turkey|Sanitaryware|SEREL SERAMIK SAN.VE TIC. A.S.|Coloured Sanitary Ware
208|Beyhekim Mah. Ertuğrul Sok.Özdeniz Apt.No:26 Kat:2 Selçuklu Konya, Turkey|Sanitaryware|PRATIMAX |Coloured Sanitary Ware
209|Atatürk Bulvarı 339/A Atakum Samsun, Turkey|Sanitaryware|TIMART INSAAT MALZEMELERI LTD.STI.|Coloured Sanitary Ware
210|4. Organize San. Böl., 83414 No'lu Cad., No: 23, Gaziantep, Turkey|Sanitaryware|RIVA KECECI HALI TEKSTIL SAN. VE TIC. LTD. STI.|Commercial Sanitary Ware
211|Balçık Köyü, Pelitli Yolu Caddesi, 1380, Gebze, Kocaeli, Turkey|Sanitaryware|SCA YILDIZ KAGIT VE KISISEL BAKIM URUNLERI A.S.|Commercial Sanitary Ware
212|Organize Sanayi Bölgesi Avrupa Hun Bulvarı No:8 06935 Sincan - Ankara, Turkey|Sanitaryware|FIRAT PLASTIK KAUCUK SAN. VE TIC. A.S.|Commercial Sanitary Ware
213|Keresteciler Sanayi Sitesi, 12. Sk. No: 2-4, Başakşehir, İstanbul, Turkey|Sanitaryware|FSM FAUCET|Commercial Sanitary Ware
214|Yılanlı Ayazma Yolu, No:09, Topkapı, Cevizlibağ, İstanbul, Turkey|Sanitaryware|GAZIANTEPLI LASTIK VE SERVIS HIZMETLERI ORGANIZE SAN. VE TIC. A.S.|Commercial Sanitary Ware
215|O.S.B. Marmara San. Sit., R Blok No: 4, İkitelli, Küçükçekmece, İstanbul, Turkey|Sanitaryware|OZGU MAKINA OTOMOTIV YEDEK PARCA IMALAT IHRACAT ITHALAT SAN. VE TIC. LTD. STI.|Commercial Sanitary Ware
216|Osman Gazi Mah., Barış Manço Cad., No: 7, İstanbul, Turkey|Sanitaryware|BONI KIMYA SAN. VE TIC. LTD. STI.|Commercial Sanitary Ware
217|Hocapaşa Mah., Nöbethane Cad., Özbey İşhanı, No: 16/401, Sirkeci, Fatih, İstanbul, Turkey|Sanitaryware|OZBEY HIJYENIK URUNLERI SAN. TIC. A.S.|Commercial Sanitary Ware
218|Akçaburgaz Mah., 3073 Sk., No: 4/3, Esenyurt, İstanbul, Turkey|Sanitaryware|DEPPOT BANYO EKIPMANLARI SAN. TIC. A.S.|Commercial Sanitary Ware
219|GOSB İhsan Dede Caddesi, 800. Sokak, 41480, Kocaeli, Turkey|Sanitaryware|ARTEMIS INSAAT SAN. VE INSAAT MALZEMELERI PAZARLAMA TIC. A.S.|Commercial Sanitary Ware
220|İstiklal Mah., 345 Sok., No: 1/1, Esenyurt, İstanbul, Turkey|Sanitaryware|MARMARA HIJYEN URUNLERI SAN. VE DIS TIC. LTD. STI.|Commercial Sanitary Ware
221|Çalı Sanayi Bölgesi Karaali Mah. 37. Sk. No: 16 / B 16235 Nilüfer - Bursa, Turkey|Sanitaryware|UC-EL KAUCUK SAN. TIC. LTD. STI.|Commercial Sanitary Ware
222|Yenisehir Mah. Reyhan Cad. Enginsu Sitesi B-Blok D:27/2 34912 Pendik Istanbul Turkey|Sanitaryware|NOVESTRO LTD.|Commercial Sanitary Ware
223|Pinar Cad. No:72 Pinarbasi / Izmir, Turkey|Sanitaryware|VISAM A.S.|Commercial Sanitary Ware
224|DEFTERAR MH. OTAKCILAR CD. NO:80 34050 EYUP/ISTANBUL|Sanitaryware|SERENEPLAST|Commercial Sanitary Ware
225|100.YIL BULVARI 1232.SOKAK NO:55 OSTİM OSB - YENİMAHALLE|Sanitaryware|DIKTAS ENDUSTRIYEL MUTFAK, SOGUTMA SANAYI VE TARTI EKIPMANLARI|Commercial Sanitary Ware
226|Besyol Mah., Fabrikalar Cad., Akasya Sok., No: 18, Kucukcekmece, Istanbul, Turkey|Sanitaryware|ERMER OTOM. TEKSTIL DERI GIYIM SAN. IC VE DIS TIC. LTD. STI.|Commercial Sanitary Ware
227|Altunizade İstanbul|Sanitaryware|MGM LEGAL & CONSULTANCY|Commercial Sanitary Ware
228|Mahmutbey, Saray Sok. No:14 D:7, Bağcılar, İstanbul - Avrupa|Sanitaryware|RENKSAN GROUP|Commercial Sanitary Ware
229|Resit galip caddesi, 88/2-7, GOP, Ankara, Turkey|Sanitaryware|AMBULANS A.S.|Commercial Sanitary Ware
230|1596 sk. No:2 Floor 9 Hitay Plaza Bayraklı İzmir Türkiye 35530|Sanitaryware|ANTE MUHENDISLIK IC VE DIS TICARET LIMITED SIRKETI |Commercial Sanitary Ware
231|Palmiye mah. İsmet inönü blv. 1211 Sokak. Melek apt Kat 1  Daire  1 |Sanitaryware|AG DANISMANLIK|Commercial Sanitary Ware
232|CSSB Industrial Center Kanal str. nr. 22|Sanitaryware|MUAZZAM IC MIMARLIK|Commercial Sanitary Ware
233|Akçaburgaz Mah. 87.Sok. No:3 Esenyurt / İSTANBUL|Sanitaryware|GLP SU ARMATURLERI|Commercial Sanitary Ware
234|"Ataşehir mah. Malatya cad. 11.km No:411 Elazığspor tesisleri yanı 
"|Sanitaryware|BELEN COCUK OYUN PARKLARI SAN. VE TIC. LTD. STI.|Commercial Sanitary Ware
235|"I.O.S.B. Dolapdere San.Sit. 1. ADA No :30
34490 Ikitelli / Istanbul
"|Sanitaryware|OTOKAM OTOMOTIV DIS.TIC.LTD.STI|Commercial Sanitary Ware
236|Küçükbalıklı Sanayi Sitesi, Kadıyayla Sokak, No: 17 Osmangazi / Bursa / TURKEY|Sanitaryware|LEMA GROUP ENDUSTRI|Commercial Sanitary Ware
237|Ekinoba Mah. Mustafa Kemal Bulvarı Hazal Plaza no:23 Kat:3 Mimaroba/Büyükçekmece|Sanitaryware|VELES INSAAT IC VE DIS TICARET LIMITED SIRKETI|Commercial Sanitary Ware
238|Esenboğa Hava Alanı Yolu 13.km Karacaören Sanayi Sitesi 1638.Cad.No 101 Altındağ/ANKARA, Turkey|Sanitaryware|DONANIM MAKINA |Commercial Sanitary Ware
239|Mimarsinan Mah. Cendere Cad. Azizpaşa Mevkii No:118 Kemerburgaz, İstanbul, Turkey |Sanitaryware|KAYA OTOMOTIV VE YEDEK PARCA SAN. TIC. LTD. STI. |Commercial Sanitary Ware
240|4. Organize San. Böl., 83414 No'lu Cad., No: 23, Gaziantep, Turkey|Sanitaryware|RIVA KECECI HALI TEKSTIL SAN. VE TIC. LTD. STI.|Commercial Sanitaryware
241|Keresteciler Sanayi Sitesi, 12. Sk. No: 2-4, Başakşehir, İstanbul, Turkey|Sanitaryware|FSM FAUCET|Commercial Sanitaryware
242|Yılanlı Ayazma Yolu, No:09, Topkapı, Cevizlibağ, İstanbul, Turkey|Sanitaryware|GAZIANTEPLI LASTIK VE SERVIS HIZMETLERI ORGANIZE SAN. VE TIC. A.S.|Commercial Sanitaryware
243|Esentepe Mah., Küçük San. Sit., 4. Blok, 2953 Sokak, No: 4/5, Sultangazi, İstanbul, Turkey|Sanitaryware|CETINKAYA SU ARMATURLERI PRES DOKUM SAN. VE TIC. LTD. STI.|Commercial Sanitaryware
244|Mehmet Akif Ersoy Mahallesi, Veysel Karani Cad., 1/A Taşoluk No:25/1A, Taşoluk, Arnavutköy, İstanbul, Turkey|Sanitaryware|MAYKROMLUKS KICTHEN SINK CELIK SAN. VE TIC. LTD.|Commercial Sanitaryware
245|O.S.B. Marmara San. Sit., R Blok No: 4, İkitelli, Küçükçekmece, İstanbul, Turkey|Sanitaryware|OZGU MAKINA OTOMOTIV YEDEK PARCA IMALAT IHRACAT ITHALAT SAN. VE TIC. LTD. STI.|Commercial Sanitaryware
246|İzmir-Ankara Yolu, No: 368/A, Kemalpaşa, İzmir, Turkey|Sanitaryware|HUSNU KALYON SIHHI TESISAT VE SULAMA GERECLERI URETIM PAZARLAMA TIC. LTD. STI.|Commercial Sanitaryware
247|Atakent Mah., Dadaloğlu Cad., No: 14/A, Ümraniye, İstanbul, Turkey|Sanitaryware|GUVEN MUSLUK SAN. VE TIC. LTD. STI.|Commercial Sanitaryware
248|Sanayi Carsisi Gundogdu Sk.Yalcinlar Is Merkezi No :137/103, Turkey|Sanitaryware|AZIMKAR AUTOMOTIVE|Commercial Sanitaryware
249|Turkey|Sanitaryware|ABDULKADIR OZCAN A.S.|Commercial Sanitaryware
250|Turkey|Sanitaryware|PAREKS|Commercial Sanitaryware
251|Mıthatpaşa Mah. Istanbul Cad. No:13 Kemerburgaz, Turkey|Sanitaryware|PETES MAKINA A.S.|Commercial Sanitaryware
252|Büyükdere Cad. Kaleseramik Binası Levent 34330 İstanbul, Turkey|Sanitaryware|KALEVIT ROCA SANITER SERAMIK SAN.|Commercial Sanitaryware
253|Adnan Menderes Bulvarı. Aksoy Apt. No: 36/F Merkez / Kütahya, Turkey|Sanitaryware|KIZIKLIOGLU SOGUTMA|Commercial Sanitaryware
254|Karatay Sanayi Persembe Pazari Zevk Sokak No:4, Turkey|Sanitaryware|NATAMAK AUTOMOTIVE|Commercial Sanitaryware
255|Sanayi Mah. 318 Nolu Cad. Gaziantep, Turkey|Sanitaryware|KIRATLI ELEKTRONIK KILIT CELIK KASA SAN. TIC. LTD. STI |Commercial Sanitaryware
256|Perpa 1844 B Blok İstanbul , Turkey|Sanitaryware|KIRATLI CELIK KASA (ISTANBUL)|Commercial Sanitaryware
257|Karatay San Persembe Pazari .Zevk Sokak No:4, Turkey|Sanitaryware|NATAMAK AUTOMOTIVE ENGINEERING MFG.|Commercial Sanitaryware
258|Kıraç Mevkii, Akçaburgaz Mahallesi 361. Sokak No: 15 Kat: 3 34522 Esenyurt - İstanbul, Turkey|Sanitaryware|LIMOZ MAKINA DISLI SAN. TIC. A.S.|Commercial Sanitaryware
259|K.O.S.B Atatürk Mah. 31 Sk. No:6 Ulucak- Kemalpaşa, Turkey|Sanitaryware|GARANTI DEGIRMENLERI MAK. SAN. VE TIC. LTD. STI.|Commercial Sanitaryware
260|Karakayis Cd. Buhara St. A/2 No.242, Turkey|Sanitaryware|TALOS INDUSTRIAL KITCHEN & BAKERY|Commercial Sanitaryware
261|Organize Sanayi Bolgesi, 9. Cadde Eskişehir, Turkey|Sanitaryware|TACPLAST PLASTIK SANAYI VE TICARET A. S. |Commercial Sanitaryware
262|Organize Sanayi Bölgesi 9. Cadde No: 48 Eskişehir / Turkey|Sanitaryware|ESVIT|Commercial Sanitaryware
263|Osb 7.Cad No:44 Eskişehir/Turkey|Sanitaryware|KOCSAN POLISAJ KAPLAMA-INSAAT TAAHHUT SANAYI VE TICARET LIMITED SIRKETI|Commercial Sanitaryware
264|Buttım Is Merkezı Ablok Kat3 No.710, Turkey|Sanitaryware|RIGEL TRADING|Commercial Sanitaryware
265|Atatürk Mah. Orhanveli Cad. No:19 Esenyurt-İstanbul, Turkey|Sanitaryware|BASBUG OTO YEDEK PARCA SAN. ITH. IHR. VE TIC. A.S.|Commercial Sanitaryware
266|Taşpınar  Mah.  No.166  Gölbaşı   Ankara , Turkey|Sanitaryware|SN  MOBILYA  SAN.  TIC.  LTD.STI. |Commercial Sanitaryware
267|Murat Paşa Mah. Ata Cad. Tel Sk. No:2/2 Bayrampaşa - İstanbul, Turkey|Sanitaryware|TOPSAN MUSLUK SAN. VE TIC. LTD. STI.|Commercial Sanitaryware
268|Tersane Cad.No117 Perşembepazarı Karakoy , Turkey|Sanitaryware|TEKNIK ALET SAN.TIC.AS|Commercial Sanitaryware
269|Hosab Sanayi Cadde No:40 Hasanağa Nilüfer, Turkey|Sanitaryware|PROFIL SANAYI VE TIC. A.S. |Commercial Sanitaryware
